"moment_mean","moment_sd","n_moments"
0.00312909933747388,0.0534728047989343,14445
